{"cameraMode":{"drawMode":0,"name":"Shaded","section":"Shading Mode"},"sceneLighting":true,"audioPlay":false,"sceneViewState":{"showFog":true,"showMaterialUpdate":false,"showSkybox":true,"showFlares":true,"showImageEffects":true,"showParticleSystems":true},"in2DMode":false,"pivot":{"x":-5.8636088371276859,"y":5.507932662963867,"z":-2.7554967403411867},"rotation":{"x":-0.29129862785339358,"y":-0.5313453078269959,"z":0.2011009156703949,"w":-0.7696791887283325},"size":1.435270071029663,"orthographic":false}